Country,Sum_of_Profit,Sum_of_Quantity,Sum_of_Sales,Avg_Discount
Equatorial Guinea,44.46,3,150.51,0
Armenia,69.09,3,156.75,0
Eritrea,76.2,4,187.74,0
Macedonia,43.38,6,209.64,0
Tajikistan,-262.866,14,242.784,0.7
Burundi,103.08,4,267.72,0
Swaziland,86.76,5,288.03,0
Bahrain,12.84,6,669.18,0
United Arab Emirates,-1036.86,37,744.12,0.7
Ethiopia,290.16,18,850.62,0
Sri Lanka,86.37,32,851.82,0
Slovakia,115.26,18,865.32,0
South Sudan,186.36,5,1045.62,0
Chad,90,11,1317.03,0
Guadeloupe,476.2,24,1461.64,0
Slovenia,590.04,20,1469.94,0
Uganda,-2426.085,63,1621.935,0.7
Gabon,479.67,46,1751.73,0
Tunisia,602.1,22,1760.79,0
Turkmenistan,-3302.709,58,2027.061,0.7
