Category,Country,Sum_of_Quantity,Sum_of_Profit,Sum_of_Sales,Sum_of_Profit_Margin
Technology,United States,6939,145454.95,836154.03,288.39
Office Supplies,United States,22906,122490.80,719047.03,831.77
Technology,China,1492,64845.10,263514.92,93.33
Technology,India,1340,56092.65,242259.03,80.03
Technology,Mexico,1963,53754.04,246167.26,123.64
Office Supplies,France,7091,53688.20,304763.54,363.06
Technology,Germany,1522,50814.98,262256.00,73.27
Technology,United Kingdom,1195,49476.10,216748.48,67.58
Technology,Australia,2400,47727.50,340212.44,63.81
Furniture,China,1570,46114.92,276611.58,84.47
Furniture,India,1296,42435.03,216056.25,78.36
Office Supplies,China,4019,39723.06,160435.53,254.03
Office Supplies,Germany,5065,38928.67,205950.58,269.30
Office Supplies,Mexico,5676,38680.04,160697.10,379.85
Office Supplies,United Kingdom,4129,33894.21,179366.79,186.10
Office Supplies,Australia,6008,31481.09,245783.54,175.76
Office Supplies,India,3122,30544.16,131334.82,185.38
Technology,France,2080,29196.89,312050.42,47.58
Furniture,United Kingdom,837,28529.84,132461.03,16.50
Furniture,France,1633,26143.92,242117.13,48.45
Office Supplies,Spain,2122,24729.21,108181.50,129.70
Furniture,Australia,2265,24698.84,339239.87,42.60
Technology,Spain,615,20931.13,107104.36,30.90
Furniture,United States,8028,18451.27,741999.80,82.26
Office Supplies,Italy,2804,17999.90,119213.78,112.43
Furniture,El Salvador,640,17842.76,73759.08,42.34
Furniture,Germany,1158,17579.17,160633.45,40.17
Technology,Indonesia,1014,15291.40,146071.84,-2.90
Furniture,Cuba,558,14941.58,56382.38,35.80
Technology,El Salvador,509,13914.85,57366.05,36.63
Technology,Cuba,566,13768.62,61193.70,39.15
Furniture,Brazil,1479,13061.57,149539.53,-18.05
Technology,Nicaragua,440,12633.33,54195.57,31.32
Technology,Japan,230,12611.04,39989.13,12.82
Furniture,Nicaragua,475,12040.68,51848.72,32.98
Technology,Guatemala,462,11565.66,55512.02,24.95
Technology,Iran,283,11558.79,46109.28,27.59
Technology,Morocco,184,10925.82,36051.99,19.88
Technology,Democratic Republic of the Congo,193,10511.91,41348.34,17.21
Furniture,Mexico,2372,10384.02,215726.26,-17.62
Office Supplies,El Salvador,1585,10265.64,46429.78,109.65
Office Supplies,Cuba,1593,10179.02,41278.86,104.72
Technology,South Africa,241,9738.45,42485.82,23.24
Technology,Brazil,1279,9402.88,128410.96,-9.25
Furniture,Guatemala,434,9317.76,46257.68,28.52
Technology,Austria,230,8792.85,32486.97,14.51
Technology,Bangladesh,140,8792.64,33348.42,8.86
Office Supplies,Austria,753,8735.82,35352.57,54.13
Furniture,Spain,503,8729.78,71860.82,19.39
Office Supplies,Nicaragua,1320,8727.44,43642.78,88.31
Technology,Saudi Arabia,183,8615.97,38196.18,17.97
Technology,Malaysia,183,8492.58,28262.73,14.39
Office Supplies,Iraq,614,8283.33,31707.57,60.44
Office Supplies,Canada,613,7957.53,30034.08,70.86
Office Supplies,Iran,925,7926.18,37636.47,98.04
Technology,Russia,176,7710.57,28881.96,18.24
Office Supplies,Brazil,3390,7626.05,83155.93,-11.56
Furniture,Russia,153,7620.36,25223.82,15.90
Furniture,Bangladesh,179,7577.64,34135.95,8.71
Office Supplies,Ukraine,626,7528.05,30345.78,64.89
Furniture,Ukraine,163,7435.41,28953.60,14.44
Technology,New Zealand,490,7382.54,67332.50,4.18
Office Supplies,Morocco,702,7374.24,30756.51,77.18
Furniture,Iran,186,7371.27,30000.36,22.47
Technology,Canada,142,7246.62,26298.81,14.39
Office Supplies,Egypt,780,7212.30,31167.27,82.09
Furniture,New Zealand,445,7206.28,69133.30,5.73
Office Supplies,Russia,588,7205.52,28808.10,63.31
Office Supplies,Guatemala,1024,7061.26,29832.76,71.65
Furniture,Colombia,288,7026.84,32684.24,18.66
Office Supplies,South Africa,635,6818.91,27730.05,73.37
Furniture,Austria,165,6813.03,24699.51,13.77
Furniture,Egypt,168,6735.39,23526.12,18.27
Furniture,Japan,231,6617.40,35792.85,10.64
Technology,Iraq,137,6154.32,23119.23,16.64
Office Supplies,Colombia,765,6138.28,23629.64,53.54
Technology,Ukraine,161,5980.77,27557.79,16.40
Office Supplies,Belgium,390,5817.15,25168.17,27.42
Office Supplies,Democratic Republic of the Congo,610,5782.38,25223.34,64.51
Technology,Egypt,175,5754.54,29445.93,18.19
Technology,Colombia,224,5632.93,25188.65,17.74
Furniture,Democratic Republic of the Congo,100,5566.29,20844.90,9.06
Furniture,Saudi Arabia,122,5391.36,21104.73,12.17
Furniture,South Africa,162,5379.27,25076.40,17.34
Office Supplies,Saudi Arabia,548,5332.26,22711.29,59.79
Office Supplies,Japan,535,5100.03,25005.54,32.54
Technology,Senegal,62,4622.85,17337.69,6.68
Furniture,Morocco,137,4461.36,20269.44,16.20
Furniture,Poland,105,4226.70,15740.79,12.67
Office Supplies,Malaysia,353,3924.36,12764.91,25.70
Furniture,Malaysia,140,3913.02,20334.57,9.21
Office Supplies,Dominican Republic,1547,3898.28,37714.30,31.94
Technology,Belgium,109,3891.84,13715.01,4.42
Office Supplies,Poland,357,3882.69,15683.01,36.78
Furniture,Iraq,107,3805.56,15888.00,16.46
Technology,Switzerland,65,3722.40,11737.80,3.43
Technology,Algeria,76,3546.45,13590.06,7.84
Office Supplies,Algeria,333,3464.70,14075.67,34.94
Technology,Singapore,109,3351.99,14846.16,6.96
Technology,Chile,106,3297.33,12351.23,8.62
Furniture,Zambia,53,3281.52,10209.84,5.57
Office Supplies,Singapore,371,3264.30,15098.46,20.37
Technology,Ghana,81,3129.63,11781.81,6.21
Technology,Cote d'Ivoire,51,3095.67,12419.94,6.05
Office Supplies,Bangladesh,361,3060.61,10772.10,25.57
Office Supplies,Vietnam,526,3040.13,21733.49,16.16
Technology,Romania,87,2930.43,13912.14,8.25
Office Supplies,Tanzania,272,2924.62,15633.88,24.64
Technology,Poland,101,2873.73,12805.05,11.17
Furniture,Afghanistan,43,2797.89,11285.19,3.07
Furniture,Canada,78,2613.24,10595.28,9.79
Office Supplies,Romania,217,2602.65,10539.78,28.25
Furniture,Cambodia,51,2587.74,10084.38,3.20
Furniture,Mozambique,44,2464.17,7856.22,4.66
Furniture,Chile,146,2361.86,13370.38,6.73
Technology,Norway,64,2340.36,10417.26,4.32
Office Supplies,Kenya,177,2265.06,9969.12,17.54
Technology,Cameroon,54,2255.52,9900.78,4.62
Technology,Angola,50,2242.56,8651.16,5.08
Furniture,Singapore,74,2236.77,10341.63,6.73
Office Supplies,Senegal,173,2208.90,8558.73,16.98
Office Supplies,Angola,221,2195.94,8171.16,23.44
Furniture,Italy,578,2187.95,72017.60,-18.50
Office Supplies,Cameroon,138,2131.86,7893.45,17.81
Furniture,Algeria,45,2095.35,8425.86,5.97
Furniture,Romania,72,2093.19,12804.66,7.54
Office Supplies,Chile,299,2085.14,9725.46,18.98
Furniture,Cote d'Ivoire,41,2058.24,6478.32,5.93
Furniture,Angola,46,2056.47,8731.68,5.53
Office Supplies,New Zealand,1154,2011.47,35554.83,7.57
Technology,Mozambique,43,1960.56,7408.14,3.79
Office Supplies,Norway,161,1908.06,5884.38,12.05
Office Supplies,Zambia,160,1906.08,7527.18,15.95
Furniture,Belarus,27,1873.86,5202.66,3.33
Technology,Tanzania,51,1873.17,7230.78,5.68
Furniture,Belgium,76,1863.60,10343.52,4.60
Technology,Zambia,38,1814.13,8298.48,4.23
Office Supplies,Ghana,169,1801.23,8047.83,15.53
Furniture,Switzerland,35,1787.88,5908.38,2.53
Office Supplies,Switzerland,208,1727.19,7231.68,12.03
Office Supplies,Indonesia,3192,1694.41,118777.77,-151.43
Office Supplies,Sudan,121,1693.47,5916.48,15.59
Office Supplies,Israel,153,1682.01,7920.54,14.90
Furniture,Taiwan,30,1663.02,6977.64,2.19
Technology,Belarus,29,1599.51,4887.90,2.58
Furniture,Finland,53,1548.15,9602.34,2.51
Technology,Afghanistan,52,1536.72,6462.57,1.83
Technology,Hungary,55,1515.39,9058.95,2.29
Office Supplies,Mozambique,144,1511.07,6038.52,14.09
Technology,Thailand,213,1426.05,35064.03,-3.75
Technology,Madagascar,28,1418.88,5177.04,2.91
Technology,Kenya,25,1416.24,5303.40,3.82
Technology,Bulgaria,32,1367.46,6967.17,2.80
Furniture,Mali,17,1333.26,4107.99,2.00
Technology,Cambodia,39,1326.36,5355.57,2.47
Technology,Lesotho,18,1318.68,6515.82,1.07
Furniture,Trinidad and Tobago,22,1313.44,2918.48,1.39
Office Supplies,Bulgaria,112,1304.55,3959.97,13.11
Furniture,Cameroon,36,1277.37,4555.14,3.77
Office Supplies,Cote d'Ivoire,155,1276.71,6719.91,16.08
Furniture,Bulgaria,30,1250.58,4630.50,3.92
Office Supplies,Myanmar (Burma),235,1248.14,9712.49,6.77
Office Supplies,Hungary,112,1214.07,3980.88,11.90
Office Supplies,Finland,116,1210.32,6101.31,9.45
Furniture,Ecuador,47,1206.50,6272.74,3.70
Office Supplies,Montenegro,11,1193.28,3758.25,0.96
Furniture,Libya,19,1170.60,3853.05,2.58
Technology,Finland,32,1147.26,5000.70,2.76
Technology,Barbados,28,1129.57,3396.89,2.21
Office Supplies,Afghanistan,133,1125.69,3925.56,7.39
Technology,Israel,52,1112.88,8356.68,4.15
Office Supplies,Mongolia,59,1090.23,4769.49,5.94
Technology,Bolivia,38,1063.91,3560.15,2.37
Office Supplies,Belarus,122,1060.89,3295.53,18.12
Technology,Qatar,13,1047.96,4507.20,1.20
Technology,Mauritania,14,1024.56,2154.66,0.91
Furniture,Azerbaijan,8,1019.19,2654.58,1.07
Office Supplies,Madagascar,94,1018.92,4191.24,8.66
Technology,Ecuador,45,998.04,4614.30,1.99
Furniture,Sudan,32,973.92,4852.26,3.34
Technology,Sudan,44,952.11,5569.83,3.30
Technology,Uzbekistan,42,946.80,4516.86,3.08
Technology,Benin,21,940.59,3723.84,1.51
Furniture,Tanzania,19,930.18,3951.48,2.89
Furniture,Norway,36,919.35,4223.73,1.15
Office Supplies,Hong Kong,50,900.60,3339.39,3.28
Office Supplies,Kyrgyzstan,62,868.08,2842.05,9.47
Office Supplies,Guinea,28,863.52,2797.77,4.21
Furniture,Madagascar,20,858.78,3249.27,2.80
Office Supplies,Jordan,64,833.73,3098.49,6.08
Office Supplies,Uruguay,69,830.64,3062.38,2.75
Office Supplies,Niger,74,829.32,3094.71,7.89
Furniture,Barbados,13,817.32,2786.26,1.64
Furniture,Jamaica,43,803.84,4277.82,2.35
Technology,Georgia,14,783.72,3487.29,1.34
Furniture,Israel,20,764.34,3016.86,3.16
Technology,Niger,21,756.12,2808.42,2.39
Furniture,Czech Republic,32,748.92,3497.70,2.49
Furniture,Bolivia,49,709.44,4647.56,2.76
Furniture,Jordan,24,706.56,3068.25,1.49
Office Supplies,Czech Republic,118,697.29,3795.96,12.40
Technology,Namibia,9,683.85,2234.19,0.79
Furniture,Senegal,23,679.41,2952.48,3.45
Furniture,Uruguay,25,660.22,6065.00,1.15
Technology,Czech Republic,14,647.34,2280.27,2.35
Furniture,Ghana,14,637.68,3442.62,2.25
Technology,Syria,19,635.11,3973.27,1.83
Technology,Mali,14,632.22,3391.65,1.56
Office Supplies,Croatia,71,616.32,2091.81,6.38
Furniture,Estonia,15,612.78,2280.99,1.52
Technology,Rwanda,22,609.54,2448.75,1.63
Technology,Liberia,8,601.86,1970.01,1.06
Technology,Azerbaijan,10,592.77,1665.48,1.96
Office Supplies,Djibouti,22,568.11,1506.93,2.75
Office Supplies,Cambodia,64,562.44,2036.07,4.95
Technology,Trinidad and Tobago,26,561.96,2206.96,-3.61
Office Supplies,Uzbekistan,58,554.70,2378.49,7.92
Office Supplies,Moldova,60,553.86,2463.30,5.89
Furniture,Lebanon,5,539.58,1573.68,1.62
Office Supplies,Martinique,92,528.54,2311.74,4.12
Office Supplies,Libya,64,527.64,2271.63,6.60
Technology,Somalia,13,525.27,5093.82,1.31
Office Supplies,Rwanda,54,520.29,1831.02,5.03
Furniture,Slovenia,6,519.30,1180.44,0.44
Office Supplies,Tunisia,19,481.68,1352.85,2.86
Furniture,Martinique,19,474.74,2578.20,1.02
Furniture,Hungary,7,472.47,1214.22,1.74
Office Supplies,Bolivia,87,456.00,3381.26,6.32
Office Supplies,Togo,64,450.30,2391.96,5.62
Furniture,Kyrgyzstan,10,438.87,1234.77,1.25
Technology,Nepal,13,436.44,1790.43,0.65
Office Supplies,Georgia,60,431.13,1726.98,7.63
Technology,Kyrgyzstan,7,428.37,1029.48,1.28
Technology,Moldova,21,425.49,1907.70,1.94
Office Supplies,Trinidad and Tobago,72,425.08,1755.72,4.72
Technology,Bosnia and Herzegovina,10,412.23,1283.10,1.07
Office Supplies,Somalia,71,410.79,1761.33,9.19
Furniture,Mauritania,2,395.58,899.16,0.44
Technology,Guinea-Bissau,5,364.17,1868.79,0.73
Furniture,Croatia,4,348.93,902.58,0.64
Technology,Libya,20,346.26,1683.72,1.25
Office Supplies,Ecuador,106,343.56,2455.94,7.36
Technology,Hong Kong,12,342.03,1313.67,1.23
Technology,Croatia,15,338.67,1466.79,0.99
Technology,Central African Republic,5,338.61,1152.30,0.56
Technology,Mongolia,12,334.08,1352.22,1.06
Furniture,Guadeloupe,13,326.88,1033.30,1.48
Office Supplies,Jamaica,55,326.44,1300.10,3.87
Office Supplies,Mali,49,326.07,1414.83,6.29
Technology,Albania,16,321.87,2440.35,0.43
Furniture,Hong Kong,8,315.48,1493.94,0.60
Furniture,Kenya,22,310.80,2300.61,1.71
Technology,Lebanon,4,304.05,1055.31,1.03
Office Supplies,Benin,43,292.68,1984.23,6.41
Technology,Estonia,2,286.56,1302.78,0.22
Technology,Jordan,18,283.41,1159.41,1.97
Technology,Jamaica,14,261.95,1183.87,1.14
Office Supplies,Mauritania,13,255.81,967.11,1.20
Office Supplies,Barbados,35,252.90,991.12,3.63
Furniture,Albania,3,246.33,835.95,0.66
Office Supplies,Ethiopia,17,236.94,729.60,1.49
Office Supplies,Nepal,46,234.96,1026.33,3.07
Furniture,Niger,8,234.33,1019.85,0.79
Furniture,Qatar,9,230.01,602.82,0.69
Office Supplies,Qatar,25,224.91,939.78,2.95
Office Supplies,Liberia,24,224.49,804.12,2.09
Office Supplies,Azerbaijan,36,219.09,1311.45,4.21
Furniture,Liberia,5,218.55,786.75,0.64
Office Supplies,Gabon,40,216.81,899.73,3.29
Technology,Gabon,2,215.46,513.12,0.42
Furniture,Sierra Leone,4,213.96,690.48,0.31
Furniture,Togo,14,213.72,1044.96,1.79
Office Supplies,Estonia,7,210.84,896.07,1.68
Furniture,Rwanda,12,206.61,914.31,0.87
Furniture,Nepal,10,206.04,705.48,1.15
Technology,Uruguay,7,198.48,585.16,0.71
Technology,South Sudan,5,186.36,1045.62,0.47
Furniture,Paraguay,7,167.26,447.00,1.11
Furniture,Republic of the Congo,7,164.07,2124.24,0.38
Technology,Paraguay,21,163.41,1740.01,0.91
Technology,Togo,11,152.85,709.50,1.83
Furniture,Djibouti,8,149.40,576.78,0.54
Furniture,Moldova,14,147.87,768.93,0.81
Furniture,Uzbekistan,5,146.64,434.52,1.15
Furniture,Papua New Guinea,18,143.79,2094.84,0.59
Office Supplies,Albania,21,141.12,611.82,1.95
Office Supplies,Bosnia and Herzegovina,32,139.71,966.96,2.18
Office Supplies,Sierra Leone,20,137.01,813.27,1.73
Office Supplies,Central African Republic,10,129.93,1225.26,0.89
Technology,Sierra Leone,7,120.78,943.92,0.45
Technology,Tunisia,1,117.90,357.36,0.33
Office Supplies,Republic of the Congo,23,116.67,588.99,0.87
Furniture,Benin,2,115.92,504.00,0.23
Technology,Martinique,11,110.93,1078.21,0.21
Furniture,Bosnia and Herzegovina,8,108.24,349.20,0.31
Furniture,Burundi,4,103.08,267.72,0.82
Office Supplies,Slovakia,16,101.70,780.30,1.46
Furniture,Montenegro,2,93.48,246.12,0.38
Office Supplies,Chad,11,90.00,1317.03,0.07
Technology,Guinea,4,87.72,700.50,0.37
Office Supplies,Taiwan,19,87.36,521.67,1.38
Technology,Djibouti,1,86.58,309.24,0.28
Office Supplies,Paraguay,23,84.56,403.36,0.86
Furniture,Mongolia,9,82.11,668.13,0.46
Office Supplies,Lesotho,5,79.53,196.17,0.79
Technology,Guadeloupe,5,75.40,243.50,0.31
Office Supplies,Sri Lanka,23,74.67,313.98,1.26
Office Supplies,Guadeloupe,6,73.92,184.84,0.80
Technology,Eritrea,2,73.02,169.92,0.43
Furniture,Georgia,7,70.83,213.15,0.99
Office Supplies,Slovenia,14,70.74,289.50,0.48
Furniture,Somalia,11,69.21,1329.90,0.79
Technology,Taiwan,3,68.22,148.32,0.46
Furniture,Armenia,2,66.24,136.26,0.98
Office Supplies,Lebanon,9,64.77,167.67,1.29
Office Supplies,Swaziland,4,59.16,204.36,0.29
Technology,Ethiopia,1,53.22,121.02,0.44
Office Supplies,Namibia,21,53.10,665.28,0.79
Furniture,Gabon,4,47.40,338.88,0.14
Office Supplies,Guinea-Bissau,8,47.22,196.65,1.36
Technology,Equatorial Guinea,1,42.24,124.29,0.34
Office Supplies,Macedonia,4,36.48,110.76,1.04
Furniture,Syria,2,31.59,219.12,0.25
Technology,Swaziland,1,27.60,83.67,0.33
Office Supplies,Syria,37,26.51,1118.24,2.41
Furniture,Slovakia,2,13.56,85.02,0.16
Technology,Sri Lanka,3,7.38,92.34,0.08
Furniture,Macedonia,2,6.90,98.88,0.07
Office Supplies,Bahrain,4,6.60,44.16,0.15
Technology,Bahrain,2,6.24,625.02,0.01
Furniture,Sri Lanka,6,4.32,445.50,0.01
Office Supplies,Eritrea,2,3.18,17.82,0.18
Office Supplies,Armenia,1,2.85,20.49,0.14
Furniture,Tunisia,2,2.52,50.58,0.05
Office Supplies,Equatorial Guinea,2,2.22,26.22,0.12
Office Supplies,Tajikistan,2,-11.84,7.45,-3.08
Office Supplies,Papua New Guinea,42,-186.38,375.26,-6.20
Furniture,United Arab Emirates,6,-232.27,224.75,-1.03
Technology,United Arab Emirates,10,-245.56,174.20,-2.77
Technology,Tajikistan,12,-251.03,235.33,-1.07
Furniture,Yemen,6,-303.77,156.55,-8.97
Technology,Italy,744,-359.09,98478.28,-8.85
Technology,Papua New Guinea,16,-376.02,458.04,-2.96
Office Supplies,Uganda,38,-477.67,300.71,-29.38
Office Supplies,United Arab Emirates,21,-559.03,345.17,-16.82
Technology,Myanmar (Burma),100,-694.91,9917.50,-3.81
Furniture,Turkmenistan,9,-746.73,528.15,-3.84
Furniture,Denmark,30,-777.85,1471.61,-7.07
Technology,Uganda,11,-790.47,563.25,-11.17
Furniture,Portugal,43,-815.82,2961.66,-3.63
Office Supplies,Haiti,240,-865.91,4038.73,-15.06
Technology,Turkmenistan,18,-895.72,558.11,-12.10
Technology,Haiti,58,-902.80,2019.94,-10.05
Technology,Peru,87,-909.60,4492.20,-4.39
Furniture,Uganda,14,-1157.94,757.98,-11.84
Technology,Zimbabwe,24,-1213.46,1013.14,-12.40
Office Supplies,Peru,351,-1254.10,5581.60,-22.89
Furniture,Indonesia,1031,-1377.13,140037.89,-1.90
Furniture,Ireland,53,-1461.88,3157.49,-8.19
Technology,Dominican Republic,537,-1476.04,45009.98,-10.87
Technology,Yemen,19,-1485.70,875.51,-9.30
Furniture,Kazakhstan,30,-1578.09,970.14,-20.21
Technology,Denmark,55,-1636.35,3353.67,-7.89
Office Supplies,Turkmenistan,31,-1660.25,940.81,-23.85
Furniture,Zimbabwe,22,-1752.03,981.84,-12.44
Office Supplies,Lithuania,90,-1770.05,1195.12,-45.98
Office Supplies,Denmark,135,-1867.85,3812.78,-19.91
Office Supplies,Yemen,46,-1916.99,1433.65,-31.96
Technology,Vietnam,241,-2286.73,22320.83,-9.35
Furniture,Haiti,94,-2418.60,4979.66,-23.71
Office Supplies,Zimbabwe,144,-2463.29,1770.13,-97.22
Furniture,South Korea,153,-2529.52,14840.45,-7.38
Technology,Lithuania,19,-2567.57,2031.34,-15.24
Furniture,Vietnam,229,-2623.63,21745.88,-4.72
Technology,Ireland,92,-2640.28,7010.24,-9.11
Office Supplies,Kazakhstan,139,-2643.62,1784.35,-100.10
Furniture,Myanmar (Burma),154,-2662.49,14508.88,-4.40
Technology,Portugal,56,-2733.32,4931.06,-7.72
Technology,Venezuela,108,-2872.12,9251.60,-8.90
Technology,Kazakhstan,40,-2878.18,1850.96,-31.01
Office Supplies,Thailand,666,-3025.29,19792.80,-50.69
Office Supplies,Argentina,865,-3124.72,13471.06,-96.61
Office Supplies,Panama,807,-3167.20,12276.66,-51.73
Technology,Sweden,110,-3168.63,7104.63,-14.39
Office Supplies,Venezuela,536,-3250.98,10035.72,-32.06
Office Supplies,Ireland,269,-3290.22,6471.78,-34.82
Furniture,Peru,129,-3344.17,7759.39,-16.16
Furniture,Philippines,720,-3635.09,74138.35,-6.10
Furniture,Pakistan,215,-4085.21,21734.53,-16.83
Technology,Argentina,291,-4597.68,20516.22,-20.31
Furniture,Lithuania,34,-4628.49,3497.88,-14.31
Office Supplies,South Korea,365,-4867.93,9212.41,-50.45
Furniture,Venezuela,130,-5099.61,7300.51,-15.23
Office Supplies,Portugal,187,-5153.93,7212.41,-24.80
Technology,South Korea,125,-5395.38,9072.51,-18.91
Furniture,Thailand,231,-5708.95,22195.13,-8.48
Technology,Philippines,568,-5957.89,67912.73,-21.23
Office Supplies,Sweden,480,-6131.18,12399.32,-64.58
Technology,Panama,286,-6322.68,16904.32,-25.27
Office Supplies,Philippines,1318,-6535.24,41369.09,-95.07
Office Supplies,Honduras,1523,-6860.80,26563.90,-106.00
Office Supplies,Pakistan,523,-7935.58,15393.56,-61.43
Furniture,Sweden,163,-8219.56,10987.46,-23.03
Furniture,Panama,333,-8233.57,22358.95,-28.34
Furniture,Dominican Republic,652,-10035.74,43416.30,-40.39
Technology,Pakistan,210,-10425.86,21744.53,-26.26
Technology,Honduras,482,-10865.66,31525.06,-49.33
Furniture,Argentina,348,-10971.39,23524.51,-37.11
Office Supplies,Netherlands,1059,-11629.63,22977.10,-127.36
Furniture,Honduras,551,-11755.91,32036.69,-54.64
Technology,Netherlands,284,-14327.69,24390.94,-45.46
Furniture,Netherlands,339,-15112.76,30146.89,-31.30
Furniture,Nigeria,314,-25232.35,17679.53,-195.89
Office Supplies,Nigeria,1348,-27087.84,18005.49,-877.32
Technology,Nigeria,394,-28430.53,18665.33,-281.85
Furniture,Turkey,503,-30324.20,34922.41,-186.04
Office Supplies,Turkey,1929,-33550.96,36468.08,-792.74
Technology,Turkey,592,-34572.08,37117.45,-238.22
